config_name,config_id,diffusion,n_samples,steady_states,stable_without_diffusion,diego_turing,shaberi_total,shaberi_type_I,shaberi_type_II,shaberi_hopf,rob_diego,rob_shaberi_total,rob_shaberi_type_I,rob_shaberi_excl_II
3954_DCC_Type1,0,"{'dU': 1.0, 'dV': 10.0, 'dW': 10.0}",1000000,969615,951296,94,94,94,0,0,0.009881256727664154,0.009881256727664154,0.009881256727664154,0.009881256727664154
3954_DCC_Type1_OneFast,1,"{'dU': 1.0, 'dV': 10.0, 'dW': 1.0}",1000000,969615,951296,82,82,81,0,1,0.008619819698600645,0.008619819698600645,0.008514699946178686,0.008619819698600645
3954_DCC_Type1_Control,2,"{'dU': 1.0, 'dV': 1.0, 'dW': 1.0}",1000000,969615,951296,0,0,0,0,0,0.0,0.0,0.0,0.0
3954_DCC_Type2_Equal,3,"{'dU': 1.0, 'dV': 1.0, 'dW': 0.0}",1000000,969615,951296,652,652,359,293,0,0.06853807857911733,0.06853807857911733,0.03773799111948332,0.03773799111948332
3954_DCC_Type2_Unequal1,4,"{'dU': 1.0, 'dV': 0.1, 'dW': 0.0}",1000000,969615,951296,2828,2828,2534,294,0,0.2972786598493003,0.2972786598493003,0.2663734526372443,0.2663734526372443
3954_DCC_Type2_Unequal2,5,"{'dU': 10.0, 'dV': 1.0, 'dW': 0.0}",1000000,969615,951296,2764,2764,2471,293,0,0.29055099569429493,0.29055099569429493,0.2597509082346609,0.2597509082346609
3954_DCC_Type2_Limit,6,"{'dU': 0.1, 'dV': 0.1, 'dW': 0.0}",1000000,969615,951296,656,656,363,293,0,0.06895855758880516,0.06895855758880516,0.03815847012917115,0.03815847012917115
3954_DCC_Type3_Equal,7,"{'dU': 0.0, 'dV': 1.0, 'dW': 1.0}",1000000,969615,951296,6700,6700,0,6700,0,0.704302341227126,0.704302341227126,0.0,0.0
3954_DCC_Type3_Unequal1,8,"{'dU': 0.0, 'dV': 0.1, 'dW': 1.0}",1000000,969615,951296,6016,6016,0,6016,0,0.6324004305705059,0.6324004305705059,0.0,0.0
3954_DCC_Type3_Unequal2,9,"{'dU': 0.0, 'dV': 1.0, 'dW': 10.0}",1000000,969615,951296,6700,6700,0,6700,0,0.704302341227126,0.704302341227126,0.0,0.0
3954_DCC_Type3_Limit,10,"{'dU': 0.0, 'dV': 0.1, 'dW': 0.1}",1000000,969615,951296,6014,6014,0,6014,0,0.632190191065662,0.632190191065662,0.0,0.0
3954_CDD_Type1,11,"{'dU': 10.0, 'dV': 1.0, 'dW': 1.0}",1000000,969615,951296,135,135,135,0,0,0.014191166576964478,0.014191166576964478,0.014191166576964478,0.014191166576964478
3954_CDD_Type1_Control,12,"{'dU': 1.0, 'dV': 1.0, 'dW': 1.0}",1000000,969615,951296,0,0,0,0,0,0.0,0.0,0.0,0.0
3954_CDD_Type2_Equal,13,"{'dU': 0.0, 'dV': 1.0, 'dW': 1.0}",1000000,969615,951296,6700,6700,0,6700,0,0.704302341227126,0.704302341227126,0.0,0.0
3954_CDD_Type2_Unequal1,14,"{'dU': 0.0, 'dV': 0.1, 'dW': 1.0}",1000000,969615,951296,6016,6016,0,6016,0,0.6324004305705059,0.6324004305705059,0.0,0.0
3954_CDD_Type2_Unequal2,15,"{'dU': 0.0, 'dV': 1.0, 'dW': 10.0}",1000000,969615,951296,6700,6700,0,6700,0,0.704302341227126,0.704302341227126,0.0,0.0
3954_CDD_Type2_Limit,16,"{'dU': 0.0, 'dV': 0.1, 'dW': 0.1}",1000000,969615,951296,6014,6014,0,6014,0,0.632190191065662,0.632190191065662,0.0,0.0
3954_CDD_Type3_Equal,17,"{'dU': 1.0, 'dV': 1.0, 'dW': 0.0}",1000000,969615,951296,652,652,359,293,0,0.06853807857911733,0.06853807857911733,0.03773799111948332,0.03773799111948332
3954_CDD_Type3_Unequal1,18,"{'dU': 1.0, 'dV': 0.1, 'dW': 0.0}",1000000,969615,951296,2828,2828,2534,294,0,0.2972786598493003,0.2972786598493003,0.2663734526372443,0.2663734526372443
3954_CDD_Type3_Unequal2,19,"{'dU': 10.0, 'dV': 1.0, 'dW': 0.0}",1000000,969615,951296,2764,2764,2471,293,0,0.29055099569429493,0.29055099569429493,0.2597509082346609,0.2597509082346609
3954_CDD_Type3_Limit,20,"{'dU': 0.1, 'dV': 0.1, 'dW': 0.0}",1000000,969615,951296,656,656,363,293,0,0.06895855758880516,0.06895855758880516,0.03815847012917115,0.03815847012917115
3954_CCD_Type1,21,"{'dU': 10.0, 'dV': 10.0, 'dW': 1.0}",1000000,969615,951296,31,31,31,0,0,0.003258712325080732,0.003258712325080732,0.003258712325080732,0.003258712325080732
3954_CCD_Type1_OneFast,22,"{'dU': 10.0, 'dV': 1.0, 'dW': 1.0}",1000000,969615,951296,135,135,135,0,0,0.014191166576964478,0.014191166576964478,0.014191166576964478,0.014191166576964478
3954_CCD_Type1_Control,23,"{'dU': 1.0, 'dV': 1.0, 'dW': 1.0}",1000000,969615,951296,0,0,0,0,0,0.0,0.0,0.0,0.0
3954_CCD_Type2_Equal,24,"{'dU': 0.0, 'dV': 1.0, 'dW': 1.0}",1000000,969615,951296,6700,6700,0,6700,0,0.704302341227126,0.704302341227126,0.0,0.0
3954_CCD_Type2_Unequal1,25,"{'dU': 0.0, 'dV': 0.1, 'dW': 1.0}",1000000,969615,951296,6016,6016,0,6016,0,0.6324004305705059,0.6324004305705059,0.0,0.0
3954_CCD_Type2_Unequal2,26,"{'dU': 0.0, 'dV': 1.0, 'dW': 10.0}",1000000,969615,951296,6700,6700,0,6700,0,0.704302341227126,0.704302341227126,0.0,0.0
3954_CCD_Type2_Limit,27,"{'dU': 0.0, 'dV': 0.1, 'dW': 0.1}",1000000,969615,951296,6014,6014,0,6014,0,0.632190191065662,0.632190191065662,0.0,0.0
3954_CCD_Type3_Equal,28,"{'dU': 1.0, 'dV': 1.0, 'dW': 0.0}",1000000,969615,951296,652,652,359,293,0,0.06853807857911733,0.06853807857911733,0.03773799111948332,0.03773799111948332
3954_CCD_Type3_Unequal1,29,"{'dU': 0.1, 'dV': 1.0, 'dW': 0.0}",1000000,969615,951296,402,412,109,293,10,0.04225814047362755,0.04330933799784715,0.011458053013993542,0.012509250538213132
3954_CCD_Type3_Unequal2,30,"{'dU': 10.0, 'dV': 1.0, 'dW': 0.0}",1000000,969615,951296,2764,2764,2471,293,0,0.29055099569429493,0.29055099569429493,0.2597509082346609,0.2597509082346609
3954_CCD_Type3_Limit,31,"{'dU': 0.1, 'dV': 0.1, 'dW': 0.0}",1000000,969615,951296,656,656,363,293,0,0.06895855758880516,0.06895855758880516,0.03815847012917115,0.03815847012917115
3954_DCI_Type1,32,"{'dU': 1.0, 'dV': 10.0, 'dW': 0.0}",1000000,969615,951296,384,398,98,293,7,0.040365984930032295,0.04183766146393972,0.010301735737351991,0.011037574004305705
3954_DCI_Type1_Control,33,"{'dU': 1.0, 'dV': 1.0, 'dW': 0.0}",1000000,969615,951296,652,652,359,293,0,0.06853807857911733,0.06853807857911733,0.03773799111948332,0.03773799111948332
3954_DCI_Type2,34,"{'dU': 1.0, 'dV': 0.0, 'dW': 0.0}",1000000,969615,951296,11488,11488,0,11488,0,1.2076157158234662,1.2076157158234662,0.0,0.0
3954_DCI_Type2_Limit,35,"{'dU': 0.1, 'dV': 0.0, 'dW': 0.0}",1000000,969615,951296,10673,10673,0,10673,0,1.1219431175995693,1.1219431175995693,0.0,0.0
3954_DCI_Type3,36,"{'dU': 0.0, 'dV': 1.0, 'dW': 0.0}",1000000,969615,951296,6535,6948,0,6626,322,0.6869575820775027,0.7303720398277718,0.0,0.03384856027987083
3954_DCI_Type3_Limit,37,"{'dU': 0.0, 'dV': 0.1, 'dW': 0.0}",1000000,969615,951296,5661,6027,0,5689,338,0.5950829184607105,0.6335567478471474,0.0,0.035530476318622176